{
  "hash": "7d56042c",
  "browserHash": "ca24a3d8",
  "optimized": {
    "@angular/common": {
      "src": "../../../../../node_modules/@angular/common/fesm2022/common.mjs",
      "file": "@angular_common.js",
      "fileHash": "d5667ebf",
      "needsInterop": false
    },
    "@angular/core": {
      "src": "../../../../../node_modules/@angular/core/fesm2022/core.mjs",
      "file": "@angular_core.js",
      "fileHash": "93afc789",
      "needsInterop": false
    },
    "@angular/platform-browser": {
      "src": "../../../../../node_modules/@angular/platform-browser/fesm2022/platform-browser.mjs",
      "file": "@angular_platform-browser.js",
      "fileHash": "d45d3012",
      "needsInterop": false
    },
    "@angular/router": {
      "src": "../../../../../node_modules/@angular/router/fesm2022/router.mjs",
      "file": "@angular_router.js",
      "fileHash": "92fb6a30",
      "needsInterop": false
    }
  },
  "chunks": {
    "chunk-YALXXKLY": {
      "file": "chunk-YALXXKLY.js"
    },
    "chunk-CHMPECP7": {
      "file": "chunk-CHMPECP7.js"
    },
    "chunk-P5ZCAOD5": {
      "file": "chunk-P5ZCAOD5.js"
    }
  }
}